createdAt,location,following,followers,totaltweets,retweetcount,text
2020-04-15 12:43:57,,1,1,16,0,"@stoolpresidente you ready for today‚Äôs picks?

$RTX - $65.65 Long
$HYG - $80.68 Short
$CAT - $113.00 Short
$TSLA - $742.44 Short
$AAL - $12.55 Long
$CCL - $11.93 Long
$DIS - $103.50 Long
$MSFT - $170.70 Long
$BA - Fuck ‚ÄòEm"
2020-04-15 11:55:37,"Pennsylvania, USA",159,83,2865,0,"$RTX strong, held a 65c runner lookin for a test of 70"
2020-04-15 11:52:08,,40,1432,1056914,0,Goldman Sachs Group Reaffirms ‚ÄúBuy‚Äù Rating for United Technologies $RTX https://t.co/UvQDU7THZ4
2020-04-15 11:51:19,"Florida, USA",17,547,611338,0,Goldman Sachs Group Reaffirms ‚ÄúBuy‚Äù Rating for United Technologies $RTX https://t.co/8gJ4YiinHK
2020-04-15 11:51:10,,267,92,490,0,Airlines not having to give up much equity in bailout bullish AF the stocks.. $JETS $UAL $DAL $LUV $ALK all ripping +6% or more &amp; should too. Helps $RTX &amp; $BA too. Can hate the game all you want.. but only hurts the soul wishing for shit that isn't reality. Some zero rev is fine. https://t.co/GX2LIqTxMw
2020-04-15 10:44:36,,222,39,1560,0,"$RTX Goldman Sachs Reinstates Buy on Raytheon Technologies, Announces $76 Price Target"
2020-04-15 08:42:13,,1,4713,109429,0,Goldman Sachs Reinstates Raytheon Technologies Corp. $RTX at Buy https://t.co/VjBTtj2vRz
2020-04-15 08:36:00,"Manhattan, NY",7,1088,5255,0,"""Every once in a while, the market does something so stupid it takes your breath away."" - Jim Cramer $MS $INSG $TXT $PSTI $GME $MRK $GS $RTX $DBX $JD $CHRW $KSS $SPCE $JETS $USB $BK $JBLU $TSLA $PBYI $VKTX (For Investing/Trading ideas join https://t.co/AEjWYUTXy1 it's FREE)"
2020-04-15 07:59:02,United States,1285,3649,625892,0,Wondering about risks of $RTX? The 63-day volatility is 59.53% https://t.co/ssgL7L4tMY
2020-04-15 07:36:00,"Manhattan, NY",7,1088,5255,0,Investing Quote: ‚ÄúOur favorite holding period is forever.‚Äù $ENPH $SONN $GME $TSLA $BBBY $XOP $MS $SPCE $CFG $WING $AAL $CHRW $NFLX $RTX $JBHT $MTA $ECC $JD $GS $PSTI (For Investing/Trading ideas join https://t.co/AEjWYUTXy1 it's FREE)
2020-04-15 07:31:34,"Florida, USA",17,547,611338,0,Analyzing United Technologies $RTX and Heico $HEI.A https://t.co/VpsMNZjlpZ
2020-04-15 06:43:08,"Florida, USA",17,547,611338,0,Investors Buy High Volume of Put Options on United Technologies $RTX https://t.co/GDcaLeGtIw
2020-04-15 06:19:02,United States,1285,3649,625892,0,We calculated 21-day Expected Return of $RTX for you: -25.1% https://t.co/mjY5x7D1Jn
2020-04-15 06:10:17,United States,35,519,525516,0,Heico $HEI vs. United Technologies $RTX Head to Head Survey https://t.co/WeMH3Up2Ot
2020-04-15 06:00:00,"Manhattan, NY",7,1088,5255,0,"$SPCE $BAC $JBLU $TSLA $GME $AAL $RTX $UNH $SONN $WFC : the most socially trending symbols in descending order. ( #traderead Free alerts, Live trading , Investment insight ... https://t.co/AEjWYUTXy1)"
2020-04-15 05:56:02,United States,1499,2692,43084,0,Wondering about #sentiment indicator for $RTX? The Short Ratio is 1.25% https://t.co/EAaFBBDasi
2020-04-15 05:11:06,Virginia,41,2929,1917249,0,Head to Head Comparison: Heico $HEI.A vs. United Technologies $RTX https://t.co/cdS3kQS5az
2020-04-15 05:11:02,United States,1285,3649,625892,0,Not sure what to do with $RTX? Explore our #fundamental pros and cons.  https://t.co/uCykCW5UgB
2020-04-15 04:40:02,United States,1285,3649,625892,0,Unicorn Bay rating for $RTX is 2.95 out of 5. https://t.co/FwG0XlgTBx
2020-04-15 04:00:36,,2,4548,666969,1,RT @NestorKim: @jengodshalk Totally agree!  $RTX is a great long term investment!  I wanted to buy more and was waiting for it to dip a bit‚Ä¶
2020-04-15 03:51:59,,229,86,184,1,@jengodshalk Totally agree!  $RTX is a great long term investment!  I wanted to buy more and was waiting for it to dip a bit more.
2020-04-15 03:00:00,"Manhattan, NY",7,1088,5255,0,"$TSLA $SPCE $AAL $BAC $JBLU $DAL $GS $RTX $UAL $DRIP : the most socially trending symbols in descending order. ( #traderead Free alerts, Live trading , Investment insight ... https://t.co/AEjWYVbyWB)"
2020-04-15 00:00:00,"Manhattan, NY",7,1088,5255,0,"$AAL $SPCE $UAL $DAL $BAC $SAVE $JBLU $JBHT $RTX $PG : the most socially trending symbols in descending order. ( #traderead Free alerts, Live trading , Investment insight ... https://t.co/AEjWYVbyWB)"
2020-04-14 23:44:01,United States,1285,3649,625892,0,Recommendation #HOLD for $RTX with UB rating - 2.7 out of 5. https://t.co/IOJMa1jjOl
2020-04-14 23:28:21,,207,98,2080,0,"Nice $rtx üòä

#imm #farn #C4XD #bur #mos #tils #ncyt #indv #lloyds https://t.co/0SW8G16ppX https://t.co/njDhwyXGNG"
2020-04-14 23:21:44,"NJ, USA",267,66,5441,0,"@jimcramer - $NOC, $RTX and $LMT are 3 of 4 of my defense favorites. Surprised you didn't mention $GD which I recently bought at its much lower levels."
2020-04-14 23:11:02,United States,1285,3649,625892,0,Do you know that #Book Value for $RTX is $0 https://t.co/0pXcgcCRZG
2020-04-14 23:03:11,,301,571,3259,1,RT @DefenseTrades: Commander in Pump just naming companies for 15 minutes to pump the market. Id type all the tickers but this'll have to d‚Ä¶
2020-04-14 23:02:01,United States,1285,3649,625892,0,We calculated 21-day Expected Return of $RTX for you: -26.9% https://t.co/mjY5x7D1Jn
2020-04-14 23:01:33,"Watertown, NY",514,2209,89187,0,$RTX I am pounding the long term table here people. https://t.co/uxGHI5Kj4Q
2020-04-14 22:59:37,,100,345,987,1,"Commander in Pump just naming companies for 15 minutes to pump the market. Id type all the tickers but this'll have to do:
$LMT, $NOC, $GD, $RTX, $AAPL, $MSFT, $GOOG, $everybiocompanyevermade
$SPY"
2020-04-14 22:56:09,United States,4,2657,102149,0,$RTX Option Order Flow Sentiment is 55.6% Bullish. https://t.co/veYHBeYcPo
2020-04-14 22:50:21,"Watertown, NY",514,2209,89187,0,@ChazAltitude is still killing the game and still a poet. $BABA $DAL $RTX $COST https://t.co/KNh3J4Kjft
2020-04-14 22:40:22,"Watertown, NY",514,2209,89187,0,$COST $RTX https://t.co/YfshA1cds6
2020-04-14 22:36:00,"Manhattan, NY",7,1088,5255,0,"""An investment in knowledge pays the best interest."" - Benjamin Franklin $BAC $DAL $GS $JBLU $TSLA $SHOP $WFC $C $AMD $LUV $RTX $SPCE $JBHT $SONN $PG $AMZN $INSG $XRAY $JETS $RL (For Investing/Trading ideas join https://t.co/AEjWYVbyWB it's FREE)"
2020-04-14 20:38:22,"Louisville, KY",377,286,18489,0,I‚Äôve had some great W‚Äôs the last 3 weeks. $MSFT $UAL and $RTX
2020-04-14 20:36:00,"Manhattan, NY",7,1088,5255,0,"""Invest in yourself. Your career is the engine of your wealth."" - Paul Clitheroe $ANIP $SAVE $XRAY $ANGI $WFC $CLI $BAC $COLM $SPCE $DAL $INSG $NP $RMAX $TSLA $RTX $GOOGL $SONN $NUVA $KRUS $C (For Investing/Trading ideas join https://t.co/AEjWYVbyWB it's FREE)"
2020-04-14 20:23:02,United States,1285,3649,625892,0,Do you know that #WallStreet price for $RTX is $73.82 https://t.co/LYd7Zys7ja
2020-04-14 20:21:39,"Atlanta, GA",586,1925,12388,0,"@skaushi Still watching, good with $RTX for now"
2020-04-14 20:15:02,United States,1285,3649,625892,0,Not sure what to do with $RTX? Explore our #fundamental pros and cons.  https://t.co/uCykCW5UgB
2020-04-14 20:05:02,United States,1285,3649,625892,0,"Btw, #Earnings Per Share for $RTX is $0 it's 0% of the price https://t.co/Rj8wJrT862"
2020-04-14 19:53:27,,267,92,490,0,"If wanting to play aerospace industrial bounce..

$RTX &gt;&gt;&gt; $BA &amp; not even close. That's how we've been playing it other than small BA ripper &amp; been so right.. BA a total shit CEO that was in mgmt w Max, lies nonstop, &amp; complete idiot.. should be in jail. RTX best of breed.

$DJIA https://t.co/sXyoXVIlub"
2020-04-14 19:42:01,,1,1,16,0,@stoolpresidente I'm trying to make you money and you refuse to listen. $RTX is going to continue to rise.
2020-04-14 19:08:53,Everywhere,2490,74718,10576,0,"Basil Chapman hosts the Tiger Technician's Hour for Tuesday on @TFNN and discussed his #WebinarTomorrow $XOM $INDU $RTX $VUG $QQQ and more! #Learntotrade #WebinarWednesday #OpeningCall #TradingView #financialeducation #TFNN #StocksToTrade
https://t.co/5s9bYt91xo https://t.co/jwaqYK7Bzq"
2020-04-14 18:25:02,Worldwide,39,4859,280230,0,"United Tech, $RTX, is up 5.1% - https://t.co/7sWYsPMQiL"
2020-04-14 18:14:56,,1836,4948,16341,0,3 Spinoff Stocks Ready to Soar on Their Own  https://t.co/aVuhGVVpck $RTX $OTIS $CARR
2020-04-14 17:56:29,,1,1,16,0,@stoolpresidente Look out for $RTX. Has massive upside short term.
2020-04-14 17:16:25,,2,4548,666969,1,RT @JoffTurner: $RTX quick trade and a quick $1000.
2020-04-14 17:16:15,,2,4548,666969,2,RT @SimplerChartArt: RTN &amp; UTX &gt; $RTX official as of Apr 3rd https://t.co/vl8hAk6OK2
2020-04-14 17:16:04,,2,4548,666969,3,"RT @ghostofpul: $RTX RAYtheon Technologies, defense giant fresh off the merger with United oversold, consolidating, breakout flag. About to‚Ä¶"
2020-04-14 17:13:07,,14,12,4,1,"RT @JDanks44: Long $RTX

Heightened tensions with Iran, China, and Venezuela will continue to put upwards pressure on military spending. No‚Ä¶"
2020-04-14 16:21:57,,198,59,740,1,$RTX quick trade and a quick $1000.
2020-04-14 16:13:12,United States,4385,1087,11983,2,RT @SimplerChartArt: RTN &amp; UTX &gt; $RTX official as of Apr 3rd https://t.co/vl8hAk6OK2
2020-04-14 16:12:48,United States,4385,1087,11983,3,"RT @ghostofpul: $RTX RAYtheon Technologies, defense giant fresh off the merger with United oversold, consolidating, breakout flag. About to‚Ä¶"
2020-04-14 15:34:58,,1030,368,2212,2,RTN &amp; UTX &gt; $RTX official as of Apr 3rd https://t.co/vl8hAk6OK2
2020-04-14 15:24:05,"California, USA",199,134,2887,0,added more $rtx here ‚úÖ #stockstowatch #long
2020-04-14 14:27:34,"California, USA",199,134,2887,0,Cramer on $rtx ‚úÖ Ratheon technologies #stockstowatch https://t.co/GpADXk1QaO
2020-04-14 13:55:28,"Michigan, USA",174,240,7008,0,"Changing my price targets based on today‚Äôs action:

$BABA $400

$CVS $105

$RTX $135

$DIS $200

$VIAC $85

$BTC 300k

$GLD $6,000

#FakePredictions"
2020-04-14 13:50:54,"California, USA",199,134,2887,0,$RTX last week ‚úÖ maintained a buy UBS #stockstowatch #long https://t.co/w2eINB0Uku
2020-04-14 13:35:50,"Pennsylvania, USA",159,83,2865,0,Riding $RTX &amp; $Penn for free now need $NAT to giddy up again
2020-04-14 13:31:21,,39,325,33891,0,"üí™ Wall St Solver Power Rankings üí™
ü•á $TSLA ‚ñ™Ô∏è Tesla Inc
ü•à $RTX ‚ñ™Ô∏è Raytheon Technologies Corporation
ü•â $AMT ‚ñ™Ô∏è American Tower Corporation
Rankings ‚û°Ô∏è https://t.co/Kwu6r1EkES
https://t.co/Kwu6r1EkES"
2020-04-14 13:21:59,"California, USA",199,134,2887,0,Solid pre-market ready to fly $rtx Raytheon technologies ‚úÖ $$ #stockstowatch #long
2020-04-14 11:35:10,,40,1432,1056914,0,Investors Buy Large Volume of Put Options on United Technologies $RTX https://t.co/bJgjoXiC7k
2020-04-14 10:42:16,"Pennsylvania, USA",159,83,2865,0,"$RTX Day and 1H

That 59.50-60.50 has about 7 indicators acting as support for me. Usually if I can find 2 or 3 it acts as strong support/res but 50 and 200 cross coming into play on the 1H https://t.co/ZvoRqPEOIL"
2020-04-14 10:16:01,United States,1285,3649,625892,0,Unicorn Bay rating for $RTX is 2.7 out of 5. https://t.co/FwG0XlgTBx
2020-04-14 09:36:00,"Manhattan, NY",7,1088,5255,0,‚ÄúForecasts may tell you a great deal about the forecaster; they tell you nothing about the future.‚Äù $T $FAST $ANTM $JNJ $GT $WORX $AEM $RTX $GRUB $LAKE $CLDR $MMC $WFC $JPM $VTIQ $GLD $OMI $ROKU $NRZ $RCL (For Investing/Trading ideas join https://t.co/AEjWYVbyWB it's FREE)
2020-04-14 09:33:00,,163,12,158,0,"What's everyone eyeing this morning in the market? I'm still #Long $TBLT
I think $RTX is an amazing opportunity right now. $UNT and the $RTN merger that went down last week. I've got $PTSI $MGM $BLPH $APA $DIS and a few others. $BLPH just got a recent buy rating with #PT at $35"
2020-04-14 09:00:00,"Manhattan, NY",7,1088,5255,0,"$JPM $WORX $WFC $NRZ $GRUB $OMI $SPX $GS $ROKU $RTX : the most socially trending symbols in descending order. ( #traderead Free alerts, Live trading , Investment insight ... https://t.co/AEjWYVbyWB)"
2020-04-14 08:20:22,,10,1186,1109297,0,United Technologies $RTX versus Heico $HEI Head-To-Head Survey https://t.co/1DtUwZ4vd2
2020-04-14 08:05:02,United States,1285,3649,625892,0,Explore #fundamental numbers and pros and cons for $RTX https://t.co/YVaGrQ4GqH
2020-04-14 07:50:06,,42,752,638297,0,Financial Review: United Technologies $RTX and Heico $HEI https://t.co/Zf0DC5CM7i
2020-04-14 07:46:55,,10,1186,1109297,0,Reviewing United Technologies $RTX and Heico $HEI.A https://t.co/IU13XqinxF
2020-04-14 07:36:00,"Manhattan, NY",7,1088,5255,0,"""Time is your friend; impulse is your enemy."" $WORX $RTX $NFLX $PTON $PSTI $VRUS $ICD $GRUB $AMZN $WIX $DRIP $FIT $SFTBY $ZM $GS $AZN $OMI $GLD $JPM $DG (For Investing/Trading ideas join https://t.co/AEjWYVbyWB it's FREE)"
2020-04-14 06:36:00,"Manhattan, NY",7,1088,5255,0,‚ÄúTell me who your heroes are and I‚Äôll tell you who you‚Äôll turn out to be.‚Äù - Warren Buffett $TSLA $AMZN $VRUS $WORK $PSTI $JPM $RAD $GLD $PTON $ZNGA $GRUB $BRQS $RTX $WFC $INSG $LVGO $SABR $DEAC $CEQP $GS (For Investing/Trading ideas join https://t.co/AEjWYVbyWB it's FREE)
2020-04-14 05:55:31,Virginia,41,2929,1917249,0,Reviewing T.A.T. Technologies $TATT and United Technologies $RTX https://t.co/PdUDWlvOWD
2020-04-14 05:54:59,United States,35,519,525516,0,Contrasting United Technologies $RTX &amp; T.A.T. Technologies $TATT https://t.co/2UnXEVwEHo
2020-04-14 05:05:32,Virginia,41,2929,1917249,0,T.A.T. Technologies $TATT and United Technologies $RTX Head to Head Survey https://t.co/wuAE8HJPjP
2020-04-14 05:05:31,United States,35,519,525516,0,Comparing T.A.T. Technologies $TATT &amp; United Technologies $RTX https://t.co/YcXJ0MUk0N
2020-04-14 04:16:47,"San Diego, CA",940,4421,50141,0,Jim Cramer Mad Money Lightning Round https://t.co/HlfYwM9vha $SBUX $RTN $MGM $PENN $RTX $DIN $EPD $BPMC $TRGP $BFAM @jimcramer @cnbc
2020-04-13 23:46:22,United States,396,337,2105,0,@Investforfreed1 Very nice! The aerospace firm that i bought was $RTX. I have quite a bit of $GD but looking to add more.
2020-04-13 23:39:48,,207,98,2080,1,"RT @DBJHoopfer: Details released of incentive agreement between Raytheon, McKinney https://t.co/JJmMBZhyht @DallasBizNews $RTX"
2020-04-13 23:39:00,,207,98,2080,0,Couldn't agree more $rtx looks solid for a move up over the coming weeks. Low RSI and price is Low on the 52 weeks. https://t.co/tHlXkhFtJK
2020-04-13 22:43:19,Global,22,370,1619,0,"U.S Market Movers Monday
Dow Stocks:
$WMT +2.87% $INTC +2.73% $AAPL +1.96%
$CAT -8.71% $AXP -4.73% $RTX -4.45%

S&amp;P 500 Stocks:
$NFLX +7.00% $MRO +6.55% $AMZN +6.17%,
$RCL -17.03% $NCLH -13.35% $HOG -8.99%

Other:
$TSLA +13.60% $ROKU +4.45% $BYND +6.04% https://t.co/Rql18SGkaM"
2020-04-13 20:06:36,"California, USA",23,3693,7574,0,"Today's million dollar PUT #options trade:
$TSLA $TWLO $BA $BKNG $RCL $NOW $GOOGL $FB $NVDA $SLV $BIDU $TRIP $TCOM $AMZN $AAPL $GE $RTX $IBM $CAT $DIS ...
https://t.co/ORtVUPaBpX"
2020-04-13 18:55:26,"Germantown, Tennessee",11821,12523,29398,0,"#assets - large caps of trading Monday - $TSLA $AMZN $AAPL $MSFT $NFLX $BA $AMD $FB $NVDA $ZM $BABA $JPM $DAL $GOOGL $GOOG $DIS $V $BAC $MA $MU $WORX $SHOP $BRK $C $XOM $CAT $GILD $RCL $UAL $INTC $CVX $WFC $CCL $SQ $T $WMT $AAL $JNJ $RTX $GOLD $HD $OXY 
https://t.co/boldYypz3f"
2020-04-13 18:30:46,Team Fortress 2,2,58,10486,3,"RT @ghostofpul: $RTX RAYtheon Technologies, defense giant fresh off the merger with United oversold, consolidating, breakout flag. About to‚Ä¶"
2020-04-13 18:30:12,virtual plane of existence,28,8,55,3,"$RTX RAYtheon Technologies, defense giant fresh off the merger with United oversold, consolidating, breakout flag. About to beast out.

$SPY ending green today?"
2020-04-13 18:21:23,"Pennsylvania, USA",159,83,2865,0,$RTX would get dangerous if it can‚Äôt get above 62 by close today
2020-04-13 18:08:04,Manhasset ny,237,34,336,0,$RTX building new position.
2020-04-13 17:53:55,"Florida, USA",17,547,611338,0,Analyzing United Technologies $RTX &amp; T.A.T. Technologies $TATT https://t.co/ZccwvjTlAR
2020-04-13 17:53:53,"Florida, USA",17,547,611338,0,United Technologies $RTX versus T.A.T. Technologies $TATT Head-To-Head Analysis https://t.co/DpTjSQOECg
2020-04-13 17:07:42,,809,586,2384,1,"Long $RTX

Heightened tensions with Iran, China, and Venezuela will continue to put upwards pressure on military spending. Not to mention the current secretary of defense is a former Raytheon lobbyist"
2020-04-13 16:27:49,"Michigan, USA",174,240,7008,0,"I typically stop buying during earnings season.

I am not going to try to ‚Äúplay the game‚Äù of this company is going to crush it.

To hard with the #COVID19 running rampant and the markets running up into earnings.

$SPY $QQQ $CVS $DIS $RTX"
2020-04-13 16:24:48,"California, USA",199,134,2887,0,Added $rtx to my portfolio today ‚úÖ #stockstowatch #stocks
2020-04-13 16:04:37,,2,4548,666969,1,"RT @OTCSILVERFUNK: $RTX took $70C üî•üí™

 $AAPL $SPY $USO $BAC $SHOP $PENN $WYNN $JDST $JNUG $TVIX $CCL $TGT $FRPT $TWTR $FB $NFLX $UBER $GILD‚Ä¶"
2020-04-13 15:58:45,willy wonka factory,888,631,848,1,"$RTX took $70C üî•üí™

 $AAPL $SPY $USO $BAC $SHOP $PENN $WYNN $JDST $JNUG $TVIX $CCL $TGT $FRPT $TWTR $FB $NFLX $UBER $GILD $WWE $JNJ $USWS $MTZ $CHWY"
2020-04-13 15:38:35,"Dallas, TX",470,587,1790,1,"Details released of incentive agreement between Raytheon, McKinney https://t.co/JJmMBZhyht @DallasBizNews $RTX"
2020-04-13 15:26:31,,75,5084,339841,0,Recent $RTX technical alerts: New 52 Week Closing High plus 2 more alerts... https://t.co/Cb2420c1Wo
2020-04-13 15:22:49,Area 51,38,8,291,0,Funny How the Raytheon Merger with United Technologies $RTX during #Covid_19  Flew under the Radar! @jimcramer Im in at $48 after split day 1.
2020-04-13 15:00:53,Worldwide,39,4859,280230,0,"United Tech, $RTX, is down 6.1% - https://t.co/7sWYsPMQiL"
2020-04-13 14:53:21,"Pennsylvania, USA",159,83,2865,0,"Filled 3/5 of $RTX got filled on 65c like 1/2 hour ago @.60 somehow, still waiting there for my final fill"
2020-04-13 14:51:01,United States,1285,3649,625892,0,Do you know that #Book Value for $RTX is $0 https://t.co/0pXcgcCRZG
2020-04-13 14:29:48,,87,5,24,0,@CDividendos Como ves $RTX ?
2020-04-13 14:13:23,"Pennsylvania, USA",159,83,2865,0,Better than that is a $RTX long in the high 59s TONSSS of support there
2020-04-13 13:37:01,"Pripyat, Ukraine",20,10,552,0,"$spy Trading has treated me well these few weeks but im done now, bought 191 shares of $rtx for long term. LETS BOMB THE SHIT OUTTA COVID üá∫üá∏üòé https://t.co/naaL61bAyw"
2020-04-13 13:31:21,,39,325,33891,0,"üí™ Wall St Solver Power Rankings üí™
ü•á $TSLA ‚ñ™Ô∏è Tesla Inc
ü•à $RTX ‚ñ™Ô∏è Raytheon Technologies Corporation
ü•â $AMT ‚ñ™Ô∏è American Tower Corporation
Rankings ‚û°Ô∏è https://t.co/Kwu6r1EkES
https://t.co/Kwu6r1EkES"
2020-04-13 12:03:02,United States,1285,3649,625892,0,Not sure what to do with $RTX? Explore our #fundamental pros and cons.  https://t.co/uCykCW5UgB
2020-04-13 11:23:06,"San Francisco, CA",337,154,66,7,RT @BrandonVanZee: An interesting view of possible high yield dividend candidates from Visual Capitalist: $CSCO $CAT $WFC $BAC $BEN $PBCT $‚Ä¶
2020-04-13 09:55:33,Virginia,41,2929,1917249,0,United Technologies $RTX Coverage Initiated by Analysts at UBS Group https://t.co/79YBlm32RG
2020-04-13 09:53:48,United States,35,519,525516,0,United Technologies $RTX Coverage Initiated by Analysts at UBS Group https://t.co/TqvY4TE9FT
2020-04-13 07:03:58,"Florida, USA",17,547,611338,0,United Technologies $RTX vs. T.A.T. Technologies $TATT Head-To-Head Survey https://t.co/YnGNu4oYnt
2020-04-13 07:02:06,United States,35,519,525516,0,United Technologies $RTX vs. T.A.T. Technologies $TATT Head-To-Head Survey https://t.co/UBdLCI7aiT
2020-04-13 07:01:41,,40,1432,1056914,0,Contrasting T.A.T. Technologies $TATT and United Technologies $RTX https://t.co/TWNtgKrPHN
2020-04-13 06:54:01,"New York, USA",40,1659,83219,0,Short sale volume (not short interest) for $RTX at 2020-04-09 is 39%. https://t.co/Fy8Rv88wVa $VCIT 46% $VYM 40% $FTSI 56% $AKER 55%
2020-04-13 06:02:35,United States,35,519,525516,0,Head to Head Contrast: T.A.T. Technologies $TATT &amp; United Technologies $RTX https://t.co/UZgRXScNEs
2020-04-13 06:01:24,,40,1432,1056914,0,Reviewing United Technologies $RTX and T.A.T. Technologies $TATT https://t.co/yQMsVrG8fN
2020-04-13 06:00:54,Virginia,41,2929,1917249,0,Reviewing United Technologies $RTX and T.A.T. Technologies $TATT https://t.co/IKrxFzxQWy
2020-04-13 05:20:14,,40,1432,1056914,0,Reviewing Heico $HEI &amp; United Technologies $RTX https://t.co/Fk8fP66R4G
2020-04-13 05:18:37,Virginia,41,2929,1917249,0,United Technologies $RTX vs. Heico $HEI Financial Analysis https://t.co/z2r1k5mKrO
2020-04-13 04:22:12,Singapore/Malaysia,1247,239,1061,4,RT @granthawkridge: Half of the Dow30 stocks have retraced 50% or better above their 2020 price drop  $WBA $BA $XOM $DIS $RTX $AXP $JPM $DO‚Ä¶
2020-04-13 04:00:13,,289,11,12,22,RT @RaytheonTech: Our first week of trading as Raytheon Technologies begins. Follow along at $RTX. https://t.co/3njCcj1U7b
2020-04-13 03:33:57,,10,1186,1109297,0,Head-To-Head Comparison: Heico $HEI.A vs. United Technologies $RTX https://t.co/mAFeFqM6hL
2020-04-13 01:06:34,,120,10,554,7,RT @BrandonVanZee: An interesting view of possible high yield dividend candidates from Visual Capitalist: $CSCO $CAT $WFC $BAC $BEN $PBCT $‚Ä¶
2020-04-12 23:21:01,United States,1285,3649,625892,0,Not sure what to do with $RTX? Explore our #fundamental pros and cons.  https://t.co/uCykCW5UgB
2020-04-12 23:17:02,United States,1285,3649,625892,0,Do you know that #Book Value for $RTX is $0 https://t.co/0pXcgcCRZG
2020-04-12 23:15:02,United States,1285,3649,625892,0,Recommendation Moderate #BUY for $RTX with UB rating - 3.34 out of 5. https://t.co/IOJMa1jjOl
2020-04-12 20:11:12,,10,1186,1109297,0,Brokerages Expect United Technologies Corporation $RTX to Announce $1.16 Earnings Per Share https://t.co/wg2cinezWq
2020-04-12 18:48:10,"Spring, TX",3137,8705,20723,0,"JUST UPDATED ANALYSIS:
$RTX
Raytheon Technologies
Intrinsic Value Analysis:
https://t.co/9AkchWVbAW 
#dividends #industrials #military #aerospace #valuation #dividend #investing #stocks https://t.co/HM49YScd2r"
2020-04-12 15:46:33,,10,1186,1109297,0,United Technologies‚Äô $RTX Buy Rating Reiterated at Bank of America https://t.co/BVDOcBlPzq
2020-04-12 15:01:46,"Florida, USA",17,547,611338,0,United Technologies $RTX Earns Hold Rating from Analysts at Vertical Research https://t.co/ZDNqcvQKf4
2020-04-12 15:00:19,,42,752,638297,0,United Technologies $RTX Earns Hold Rating from Analysts at Vertical Research https://t.co/jctGb5Xmp8
2020-04-12 14:17:19,,42,752,638297,0,United Technologies $RTX Earns Buy Rating from Analysts at UBS Group https://t.co/Mn6uKFyXN6
2020-04-12 14:16:23,"Florida, USA",17,547,611338,0,UBS Group Begins Coverage on United Technologies $RTX https://t.co/2JC0DBlqbO
2020-04-12 13:31:20,,39,325,33891,0,"üí™ Wall St Solver Power Rankings üí™
ü•á $TSLA ‚ñ™Ô∏è Tesla Inc
ü•à $RTX ‚ñ™Ô∏è Raytheon Technologies Corporation
ü•â $AMT ‚ñ™Ô∏è American Tower Corporation
Rankings ‚û°Ô∏è https://t.co/Kwu6r1EkES
https://t.co/Kwu6r1EkES"
2020-04-12 13:11:54,"Florida, USA",17,547,611338,0,United Technologies $RTX Earns Buy Rating from Barclays https://t.co/wQxaWsYImX
2020-04-12 11:56:44,United States,396,337,2105,0,"@EMF_01 there are lots of quality companies out there and things are constantly changing. Most recently i had shares of both United Technologies and Raytheon. 

They merged last week and the new ticker is $RTX. It should be a great dividend stock that will also miss the screeners."
2020-04-12 07:05:10,"Florida, USA",17,547,611338,0,Reviewing United Technologies $RTX &amp; Heico $HEI https://t.co/GYvayvtF3l
2020-04-12 05:22:05,,40,1432,1056914,0,Analyzing United Technologies $RTX and T.A.T. Technologies $TATT https://t.co/xyTBmqjToC
2020-04-12 05:20:51,Virginia,41,2929,1917249,0,Analyzing United Technologies $RTX and T.A.T. Technologies $TATT https://t.co/3LXPfcIw1M
2020-04-12 05:19:00,United States,35,519,525516,0,Analyzing United Technologies $RTX and T.A.T. Technologies $TATT https://t.co/jpciXRZsMT
2020-04-12 04:10:35,"Tustin, CA",375,178,1613,0,"$RTX Raytheon Technologies will be demoing a phaser technology. The ultimate anti-missile in anti-drone countermeasure. Star Trek is here.

Overseas Directed-Energy Demonstration Underway - Air Force Magazine https://t.co/W6UawWiPOQ"
2020-04-12 03:56:36,Chicago Illinois,119,33,142,0,See our splitup calculator at https://t.co/qEAEefKlwb to get your tax basis for $CARR $OTIS and $RTX after $UTX separation on 4/3/2020.
2020-04-11 23:45:29,,119,13,1418,7,RT @BrandonVanZee: An interesting view of possible high yield dividend candidates from Visual Capitalist: $CSCO $CAT $WFC $BAC $BEN $PBCT $‚Ä¶
2020-04-11 21:59:57,"Houston, TX",54,8,8,0,"@jimcramer BOOYAH! 
$RTX does this new ticker history represent parts of historical $RTN and $UTC values? Thanks Professor Cramer!"
2020-04-11 15:30:50,,2143,732,36,7,RT @BrandonVanZee: An interesting view of possible high yield dividend candidates from Visual Capitalist: $CSCO $CAT $WFC $BAC $BEN $PBCT $‚Ä¶
2020-04-11 15:25:04,SD ‚û°Ô∏è MN ‚û°Ô∏è CA ‚û°Ô∏è NE ‚û°Ô∏è UT,957,7330,10667,7,An interesting view of possible high yield dividend candidates from Visual Capitalist: $CSCO $CAT $WFC $BAC $BEN $PBCT $OMC $NUE $SON $NTAP $EMR $MMM $UPS $RTX $BMY $USB $HD $ADM $SYY $MDU $CNP $MAA $IBM $ESS $CMI $HIG $EV $PNC $MTB $NI $EXC $AEP $REG $RE $TFC https://t.co/hhLS8Zq8PF
2020-04-11 13:54:02,"New York, USA",40,1659,83219,0,Short sale volume(not short interest) for $OIL on 2020-04-09 is 59%. https://t.co/V4vas7fywz $BKR 52% $RTX 39% $CIEN 36% $IRM 72%
2020-04-11 13:53:03,,217,296,7156,4,RT @granthawkridge: Half of the Dow30 stocks have retraced 50% or better above their 2020 price drop  $WBA $BA $XOM $DIS $RTX $AXP $JPM $DO‚Ä¶
2020-04-11 13:31:20,,39,325,33891,0,"üí™ Wall St Solver Power Rankings üí™
ü•á $TSLA ‚ñ™Ô∏è Tesla Inc
ü•à $RTX ‚ñ™Ô∏è Raytheon Technologies Corporation
ü•â $NVDA ‚ñ™Ô∏è NVIDIA Corporation
Rankings ‚û°Ô∏è https://t.co/Kwu6r1EkES
https://t.co/Kwu6r1EkES"
2020-04-11 11:48:00,,1,818,5303,0,8 of 10 $PG $RTX $TRV https://t.co/DUo7LYcxuc
2020-04-11 11:42:41,"South Carolina, USA",37,40,118,6,RT @BrandonVanZee: Quick update on the Dividend Aristocrat list. While traditionally S&amp;P Dow Jones Indices only updates the list once per y‚Ä¶
2020-04-11 09:42:26,,26,0,9,4,RT @granthawkridge: Half of the Dow30 stocks have retraced 50% or better above their 2020 price drop  $WBA $BA $XOM $DIS $RTX $AXP $JPM $DO‚Ä¶
2020-04-11 08:58:13,,75,5084,339841,0,$RTX technical alerts: New 52 Week High and New 52 Week Closing High  https://t.co/Cb2420c1Wo
2020-04-11 06:54:02,"Moscow, Russia",226,111,480,4,Half of the Dow30 stocks have retraced 50% or better above their 2020 price drop  $WBA $BA $XOM $DIS $RTX $AXP $JPM $DOW $GS $IBM $CVX $AAPL $CSCO $MMM $V $TRV $INTC $KO $MSFT $HD $PFE $NKE $CAT $PG $MCD $MRK $UNH $VZ $JNJ $WMT https://t.co/HWnSOeFGLd
2020-04-11 06:36:05,,2,4548,666969,1,"RT @ITM_ENRON_CALLS: Updated holdings, hoping to cash out and buy close to 200 shares in $rtx and just sit back and wait until it reaches $‚Ä¶"
2020-04-11 06:35:54,,2,4548,666969,1,RT @ITM_ENRON_CALLS: $rtx pt? I say $200 in two yrs
2020-04-11 05:48:19,Virginia,41,2929,1917249,0,T.A.T. Technologies $TATT and United Technologies $RTX Head to Head Survey https://t.co/VCWYdMVOgR
2020-04-11 05:47:48,,40,1432,1056914,0,Critical Comparison: T.A.T. Technologies $TATT and United Technologies $RTX https://t.co/9NXLJYcMbo
2020-04-11 05:24:56,United States,35,519,525516,0,Critical Survey: T.A.T. Technologies $TATT and United Technologies $RTX https://t.co/5yNy6Tdwhj
2020-04-11 05:23:44,Virginia,41,2929,1917249,0,Critical Survey: T.A.T. Technologies $TATT and United Technologies $RTX https://t.co/ApvHdcN8Px
2020-04-11 05:06:24,,40,1432,1056914,0,Reviewing United Technologies $RTX and Heico $HEI.A https://t.co/HHjdcO0lxg
2020-04-11 05:04:41,United States,35,519,525516,0,Reviewing United Technologies $RTX and Heico $HEI.A https://t.co/lhajKr1WcC
2020-04-11 05:04:17,Virginia,41,2929,1917249,0,Reviewing United Technologies $RTX and Heico $HEI.A https://t.co/8VaB8BNq0b
2020-04-11 04:25:32,"Pripyat, Ukraine",20,10,552,1,"Updated holdings, hoping to cash out and buy close to 200 shares in $rtx and just sit back and wait until it reaches $200 https://t.co/y0FRrztVvt"
2020-04-11 04:17:55,"Pripyat, Ukraine",20,10,552,1,$rtx pt? I say $200 in two yrs
2020-04-11 02:10:47,"Washington, DC",242,153,598,0,"Best performing large-cap stocks this week.
Full reports at: https://t.co/DmsDO8RPRd
$SPG $COF $GM $DOW $RTX $MET $DD $AIG $AXP $BA https://t.co/gfu5oB8VYB"
2020-04-11 01:14:29,Pennsyltucky,3924,3220,17363,6,RT @BrandonVanZee: Quick update on the Dividend Aristocrat list. While traditionally S&amp;P Dow Jones Indices only updates the list once per y‚Ä¶
2020-04-10 21:59:28,,310,36,272,0,"Pre-merger:

$UTC = Pratt &amp; Whitney + Collins + Otis + Carrier
$RTN = Raytheon

Post-merger and Spin-off:

$RTX = Raytheon + Pratt &amp; Whitney + Collins

$OTIS

$CARR

Each $UTC shareholder receives:
1 $RTX + 1 $CARR + 0.5 $OTIS

Each $RTN shareholder receives:
2.3348 $RTX"
2020-04-10 21:52:16,New York City,1519,259,18532,6,RT @BrandonVanZee: Quick update on the Dividend Aristocrat list. While traditionally S&amp;P Dow Jones Indices only updates the list once per y‚Ä¶
2020-04-10 21:28:40,,310,36,272,0,"@BrandonVanZee Pre-merger:

$UTC = Pratt &amp; Whitney + Collins + Otis + Carrier
$RTN = Raytheon

Post-merger and Spin-off:

$RTX = Raytheon + Pratt &amp; Whitney + Collins

$OTIS

$CARR

Each $UTC shareholder receives:
1 $RTX + 1 $CARR + 0.5 $OTIS

Each $RTN shareholder receives:
2.3348 $RTX"
2020-04-10 21:10:40,ŒºŒøŒª·ΩºŒΩ ŒªŒ±Œ≤Œ≠,1345,1441,4370,6,RT @BrandonVanZee: Quick update on the Dividend Aristocrat list. While traditionally S&amp;P Dow Jones Indices only updates the list once per y‚Ä¶
2020-04-10 21:09:58,NJ/MA,427,388,28411,0,"@stoolpresidente https://t.co/FrMGlmrfW8

Where do I apply for clean up/#ddtg internship? In BK now, 20 min away - team $RTX"
2020-04-10 21:06:56,Planting dollars,1245,2310,2820,6,RT @BrandonVanZee: Quick update on the Dividend Aristocrat list. While traditionally S&amp;P Dow Jones Indices only updates the list once per y‚Ä¶
2020-04-10 21:05:26,SD ‚û°Ô∏è MN ‚û°Ô∏è CA ‚û°Ô∏è NE ‚û°Ô∏è UT,957,7330,10667,6,"Quick update on the Dividend Aristocrat list. While traditionally S&amp;P Dow Jones Indices only updates the list once per year, exceptions can be made if there are reorganizations taking place. Due to a merger/spinoffs, $UTX has been removed and $RTX, $CARR, &amp; $OTIS have been added. https://t.co/Y7a0sILSLG"
2020-04-10 20:22:34,,2,4548,666969,1,"RT @ALF4Prez2020: @FlyrUsr @sentimentrader I hold a few long term stocks, love $kmi, $mro, $snv, $dis, $rtx, $usb, $twtr and stuck in $hal‚Ä¶"
2020-04-10 20:17:46,,678,110,6522,1,"@FlyrUsr @sentimentrader I hold a few long term stocks, love $kmi, $mro, $snv, $dis, $rtx, $usb, $twtr and stuck in $hal lol"
2020-04-10 17:55:25,,2,4548,666969,1,RT @keinetheorie: @eToroService You closed all $RTN positions without consent and without converting them to $RTX. Do you realize that many‚Ä¶
2020-04-10 17:43:23,,421,683,14541,1,@eToroService You closed all $RTN positions without consent and without converting them to $RTX. Do you realize that many users are about to file complaints with financial authorities?
2020-04-10 16:07:17,,1082,3596,242718,0,The #Raytheon And #UnitedTechnologies Merger $RTX Also $RTN $UTX https://t.co/NPUdrGA5rF
2020-04-10 16:04:56,,85,189,1308,3,"RT @FASTGraphs: $RTX $RTN $UTX Merger of Raytheon and United Technologies
https://t.co/tYGwra3wqz"
2020-04-10 15:28:08,"Longport, NJ",591,69,1952,0,@EconomicTimes $RTX time
2020-04-10 14:12:40,"Tampa Bay Area, Florida",1909,2456,7347,3,"RT @FASTGraphs: $RTX $RTN $UTX Merger of Raytheon and United Technologies
https://t.co/tYGwra3wqz"
2020-04-10 13:42:56,,1082,3596,242718,0,Uncovering Income: Dividend #Stocks With Strong Yields $BEN $CNP $IBM $OMC $REG $USB $WFC $PBCT $TFC $RTX https://t.co/CRV81ZGqiN
2020-04-10 13:31:21,,39,325,33891,0,"üí™ Wall St Solver Power Rankings üí™
ü•á $TSLA ‚ñ™Ô∏è Tesla Inc
ü•à $RTX ‚ñ™Ô∏è Raytheon Technologies Corporation
ü•â $NVDA ‚ñ™Ô∏è NVIDIA Corporation
Rankings ‚û°Ô∏è https://t.co/Kwu6r1EkES
https://t.co/Kwu6r1EkES"
2020-04-10 11:27:56,"Andaluc√≠a, Espa√±a",106,107,5455,2,"RT @dividendc2: Best companies  Sectors  TOP1

Communication Services  Facebook Inc $FB

Materials  Linde PLC $LIN

Industrials  Raytheon T‚Ä¶"
2020-04-10 09:45:20,,1082,3596,242718,0,I Now Own #Raytheon Technologies $RTX Also $RTN $UTX https://t.co/HJdeoeHWVa
2020-04-10 08:23:20,,949,91,1712,2,"RT @dividendc2: Best companies  Sectors  TOP1

Communication Services  Facebook Inc $FB

Materials  Linde PLC $LIN

Industrials  Raytheon T‚Ä¶"
2020-04-10 08:14:06,,2296,3192,11032,2,"Best companies  Sectors  TOP1

Communication Services  Facebook Inc $FB

Materials  Linde PLC $LIN

Industrials  Raytheon Technologies Corp  $RTX

Real Estate  American Tower  $AMT

Consumer Staples  Procter &amp; Gamble Co $PG"
2020-04-10 05:56:39,United States,35,519,525516,0,United Technologies $RTX vs. Heico $HEI Financial Contrast https://t.co/T8sfOfHEAJ
2020-04-10 05:55:35,Virginia,41,2929,1917249,0,United Technologies $RTX vs. Heico $HEI Financial Contrast https://t.co/GObMOdu0Gn
2020-04-10 04:53:28,,115,1742,1564,1,"With this you won‚Äôt even have to stare at your account like a mad man waiting for every candle like it‚Äôs your last. I‚Äôm over here wanting more red days so I can throw more bags at companies like $AAPL, $BRK.B, $RTX, $MSFT, $QCOM, and $TSLA. Eliminate the guess work my friends"
2020-04-10 04:20:28,United States,4,2657,102149,0,$RTX I.V. in the ATM 17-Apr-20 Increases +13.1% to 72.3. Options Imply a Move of ¬±8.1% with 7 Days to Exp https://t.co/YKs0MLunIZ
2020-04-10 04:11:38,United States,4,2657,102149,0,$RTX Option Order Flow Sentiment is 82.7% Bullish. https://t.co/veYHBeGBqO
2020-04-10 02:22:27,"Florida, USA",247,442,12117,3,"RT @FASTGraphs: $RTX $RTN $UTX Merger of Raytheon and United Technologies
https://t.co/tYGwra3wqz"
2020-04-09 21:59:02,,75,5084,339841,0,Scan results - New 52 Week Closing High today: $CHWY $QLYS $AMT $NEM $GOLD $EQIX $SBAC $DEA $RTX $BIPC $OTIS $DLR $REGN $FCN $BAR ... https://t.co/yGwPYsC95n
2020-04-09 21:45:15,"Tampa Bay Area, Florida",1909,2456,7347,3,"$RTX $RTN $UTX Merger of Raytheon and United Technologies
https://t.co/tYGwra3wqz"
2020-04-09 21:18:29,,33,2,254,2,"RT @stevekavdc: 5 stocks highest #volume in #darkpools $QUAL $MRK $CCL $MCHP $RTX ( unusual to see $MCHP ....for the second time this week,‚Ä¶"
2020-04-09 20:53:48,,2,4548,666969,2,RT @MC_OptionTrades: $RTX Raytheon Technologies Option Order Flow Sentiment is 83.4% Bullish. https://t.co/veYHBeYcPo
2020-04-09 20:23:40,United States ,282,71,3918,0,Positions [04/09/2020] High/Low $AMZN $AAPL $ISRG ($425.29/s) $BA ($167.13/s) $FB $RTX $MCD $URI $CCI $JPM $NVDA $GE $NRG $BX $BP Cash 20.60%. Exited $RH on Bounce. Pending Exit $FB &gt; $193/s. Watch List $EADSF $ETR $JNK Otherwise Hold All Positions. Maintain Cash &gt; 15%.
2020-04-09 20:06:25,"California, USA",23,3693,7574,0,"Today's million dollar PUT #options trade:
$AAPL $AMZN $AXP $BKNG $FB $MSFT $RCL $TSLA $WYNN $GLD $RDS.A $BABA $BA $HLT $WFC $BYND $DJX $NEM $RTX $BBBY ...
https://t.co/ORtVUPaBpX"
2020-04-09 20:03:01,,863,841,29209,2,RT @MC_OptionTrades: $RTX Raytheon Technologies Option Order Flow Sentiment is 83.4% Bullish. https://t.co/veYHBeYcPo
2020-04-09 19:41:53,"Potomac, MD",60,3252,2779,2,"5 stocks highest #volume in #darkpools $QUAL $MRK $CCL $MCHP $RTX ( unusual to see $MCHP ....for the second time this week, big move coming straddle up!)"
2020-04-09 19:31:40,United States,4,2657,102149,2,$RTX Raytheon Technologies Option Order Flow Sentiment is 83.4% Bullish. https://t.co/veYHBeYcPo
2020-04-09 19:00:49,,42,752,638297,0,Sanford C. Bernstein Initiates Coverage on United Technologies $RTX https://t.co/0hFAuU2zsm
2020-04-09 18:42:47,United States,4,2657,102149,0,$RTX 17-Apr-20 ATM Implied Vol Jumps +15.3%. Straddle Implies a Move of ¬±7.8% https://t.co/YKs0MLunIZ
2020-04-09 16:44:25,"Gallatin, TN",1555,412,1773,0,"@SteelyRivers Yes we are still on the fear side but thanks to the Fed I have made some good profits and I know I am going to have lots of buying opportunities this year I already have a shopping list. $LMT, $NOC, $RTX, $TMO, $BIIB  and a few others. I will get to buy all these names at lower $"
2020-04-09 16:38:59,"Los Angeles, CA",503,45,1037,0,Will put in an ask at 1.65 and test the waters. Would be around a 220% profit. Then parlay that into additional shares of $RTX with the profit. Then original balance somewhere else #rinseandrepeat https://t.co/TcW1EZUi8U https://t.co/NpXSTz8w0M
2020-04-09 15:37:59,,239,260,6558,0,Shouldve bought more $RTX
2020-04-09 15:33:42,"Philadelphia, PA",9,3480,74308,0,New 52 Week Highs 42 Lows 27. Highs $RTX $BILI $NEM $PSTI $VCSH Lows $SHIP $SQQQ $DUST $TRNX $SOXS https://t.co/J0p2Vxafqg
2020-04-09 15:27:55,"Milwaukee, WI",1858,474,9010,0,Here's where I incrementally deployed the most capital on that first leg down a few weeks back: $DFS $COF $ALLY $WM $BRK.B $V $INFO $RDS.A $PAGS $STE $RTX $COLD $DEO
2020-04-09 15:15:05,,113,10801,59276,0,$RTX  simply amazing
2020-04-09 15:02:09,Worldwide,39,4859,280230,0,"United Tech, $RTX, is up 8.4% - https://t.co/7sWYsPMQiL"
2020-04-09 14:45:34,"Johnston, IA",154,18,404,2,RT @BenAltitude: A year from now when $RTX is trading at 120+ you can thank me.
2020-04-09 14:35:10,"Long Island, NY",170,3524,25260,2,RT @BenAltitude: A year from now when $RTX is trading at 120+ you can thank me.
2020-04-09 14:34:10,"Watertown, NY",514,2209,89187,2,A year from now when $RTX is trading at 120+ you can thank me.
2020-04-09 14:29:21,,267,92,490,0,$RTX up another 8% on top of the board.. still got a bigass bag. Great co &amp; waaaaaay better than $BA &amp; also $GE. That was a monster good buy.
2020-04-09 14:22:30,,229,86,184,0,"Bought 200 shares $RTX at 67.20

#investing"
2020-04-09 13:40:50,,39,453,5206,0,"$SPY Today (8:38 CST), the  best performer  in the  
$DJIA is Raytheon Technologies.  $RTX @CQGInc  @CQGThom https://t.co/Kqqi4UwIh7"
2020-04-09 13:38:17,,1143,425,3361,0,"buying more $CARR

$OTIS finally catching a bid (the other $UTX / $RTX spinoff) - think this is worth 30 under almost any reasonable scenario - trades 1/2 the valuation of $tt and $lii"
2020-04-09 13:25:03,,75,5084,339841,0,Recent $RTX technical alerts: New 52 Week Closing High... https://t.co/Cb2420c1Wo
2020-04-09 13:08:49,"Los Angeles, CA",503,45,1037,0,"#premium. That premium u pay is the total amount you‚Äôd lose out on. So the .49 per share x2contracts (100x2) would come to 98 dollars I lose out on. With $RTX though, that‚Äôs is a super small risk especially with $RTN being above 100 before. Perception is king &amp; determines value."
2020-04-09 13:07:21,New York-New Jersey,517,285,1280,0,Some #races aren‚Äôt for the #swift but who can #stand the #test of #time. $JOM $MAR $CHEF $KPTI $PSX $BNTX $TSLA $WH $UAL $COP $IAC $AAPL $RTX $CVX $BLK $DHI $APA $OXY $CLR $PHM $RCL $WY $HES $WYNN $LUV $TDG $BC $DIS $HAL $EXPE $PRGO $DFS $ULTA $NEM $VLO $SYY $LVS $STT $ABBV $PNW https://t.co/I4IkszWsCm
2020-04-09 13:04:48,"Los Angeles, CA",503,45,1037,0,"But I‚Äôm talking about the up side. What about the down side of a #call or #put ? Well let‚Äôs say $RTX doesn‚Äôt come anywhere near 70 dollars... I‚Äôll never be able to exercise my option and, really, who would want to buy it from me? NO ONE."
2020-04-09 13:01:45,"Arizona, USA",6112,29118,8401,0,"Long Watches: $DIS, $BIG, $RTX, $TLSA, $CHEF, $AGNC! Short Watches: $COST, $WMT!!"
2020-04-09 13:01:44,"Los Angeles, CA",503,45,1037,0,"Mine has a expiration date of 4/17. I think $RTX will hit 70 by early next week. If it it gets close to 70 early next week and we still have a few days before the 17th, I‚Äôll sell that option at a premium of the .49 I bought each contract for."
2020-04-09 12:57:28,,1,4713,109429,0,Raytheon Technologies Corp. $RTX PT Lowered to $85 at Jefferies https://t.co/xaYF8Z8SPY
2020-04-09 12:53:53,"Los Angeles, CA",503,45,1037,0,"For instance, in the below tweet, I bought a call of $RTX thinking the price is going to go up. The call is saying that I have the right to buy the stock at 70 dollars a share before 4/17. So if stock goes above 70, I can exercise my option to buy at 70 even if it‚Äôs above"
2020-04-09 12:50:48,"Chicago, IL",510,50080,130753,0,"+Initiations 4/9: $CUE $INSP $NEM $NSP $OTIS $POST $PRVL $RTX $STXS $ZSAN 

-Initiations 4/9: $XRX"
2020-04-09 12:40:03,,40,1432,1056914,0,United Technologies $RTX Earns Buy Rating from Barclays https://t.co/N4ogfPlrbT
2020-04-09 12:00:44,,40,1432,1056914,0,United Technologies $RTX Coverage Initiated by Analysts at UBS Group https://t.co/rcNcJ8sRv9
2020-04-09 08:21:02,United States,1285,3649,625892,0,Do you know that #Book Value for $RTX is $0 https://t.co/0pXcgcCRZG
2020-04-09 08:09:02,United States,1285,3649,625892,0,We calculated 21-day Expected Return of $RTX for you: -4.12% https://t.co/mjY5x7D1Jn
2020-04-09 07:27:48,,233,249,3868,0,"@Platinumalien51 I bought in a bit more than a week ago, prior to ex... my $RTX is down, but the Otis and Carrier shares more than cover the loss.  Sold the Carrier to add to $OTIS today actually."
2020-04-09 06:41:31,,2,4548,666969,1,RT @KalienFinance: Amazing approx 24% run in $RTX post merger and entering our near term price target zone of 65 to 75. Continuing to trim‚Ä¶
2020-04-09 05:28:25,"Tustin, CA",375,178,1613,1,Amazing approx 24% run in $RTX post merger and entering our near term price target zone of 65 to 75. Continuing to trim and rebalance into $LMT. https://t.co/2kK1TxYore
2020-04-09 02:29:33,,2,4548,666969,1,"RT @passthepuck: @WolfOfWeedST I bought $AAPL, $GLW, $AAL, $ADI, $ERIC, $RTX, $QCOM, and $AGNPF at the bottom with a total of $84K invested‚Ä¶"
2020-04-09 02:26:21,"Scottsdale, AZ",2066,1856,43207,1,"@WolfOfWeedST I bought $AAPL, $GLW, $AAL, $ADI, $ERIC, $RTX, $QCOM, and $AGNPF at the bottom with a total of $84K invested.  Everything is up except AAL.  I hope that recovers."
2020-04-09 01:49:17,United States,271,138,4141,0,"Ended the day with a few more shares of $ADM, $CAT and $RTX. https://t.co/un22FoiQXZ"
2020-04-09 01:46:58,United States,4,2657,102149,0,$RTX Option Order Flow Sentiment is 80.0% Bullish. https://t.co/veYHBeYcPo
2020-04-08 23:25:16,"East Hartford, CT",56,49,53,22,RT @RaytheonTech: Our first week of trading as Raytheon Technologies begins. Follow along at $RTX. https://t.co/3njCcj1U7b
2020-04-08 22:38:24,,75,5084,339841,0,Scan results - New 52 Week Closing High today: $NVAX $DEA $QLYS $EGOV $BIPC $RTX $LMNX $EQIX $REGN $FIVN $MOH $CIEN $DLR ... https://t.co/KPNxqVwXSj
2020-04-08 22:13:15,Global,22,370,1619,0,"Sanders out, curve flattens and stocks surge. - https://t.co/yVeS7Q7VQZ
#Covid-19 #Coronavirus #Berniesanders #WallSt $DIA $DJI $SPX $NDX #Nasdaq $SPY $DIS $WMT $RTX https://t.co/hk9lqoPaeL"
2020-04-08 21:49:21,,103,326,2386,0,"$RTN Indeed had it's minor reaction hitting 2 Px targets on April 2nd and promptly stopped trading to become $RTX   
in a merger with United Technologies. 

You couldn't make this stuff up - even if you wanted to. https://t.co/EPdR3Y7yNX"
2020-04-08 20:36:13,Global,22,370,1619,0,"U.S Market Movers Wednesday
Dow Stocks:
$RTX +8.41%, $UNH +7.98%, $DOW +7.61%,
$GS +6.60%, $XOM +6.33%, $CVX +6.25%

S&amp;P 500 Stocks:
$APA +16.26%, $WELL +16.19%, $TDG +14.60%
$CARR -6.49%, $ODFL -3.04%, $KR -2.63% https://t.co/g2Vx7O8G58"
2020-04-08 19:31:34,,391,156,3237,0,@teriyakiforandy Hope u got your $RTX this week we're soaring baby
2020-04-08 19:17:30,,115,1742,1564,0,"One of my longs, $RTX (Raytheon Technologies) is on an absolute tear this past week! üî•"
2020-04-08 19:05:44,"Los Angeles, CA",503,45,1037,0,"Not sure how this works but learning by trying it out. Bought 2 contracts at $70 call of $RTX exercised 4/17. Not sure if I need to exercise it, will it be fine automatically, or can I sell it beforehand. ü§∑üèº‚Äç‚ôÇÔ∏è not sure but I‚Äôll find out. Worst case, out 96 dollars https://t.co/Q4B13L4yI2"
2020-04-08 18:51:01,"Michigan, USA",174,240,7008,0,"Jobless claims tomorrow.  

I swear this number means nothing.  Everyone is expecting the numbers to be terrible.

We will probably have a rip your face off rally tomorrow.

I at least accumulated some $RTX $CVS &amp; $DIS on the pullback.

Bad news = Good news
Good news = Great news"
2020-04-08 18:30:24,"Potomac, MD",60,3252,2779,0,Top 5 dark pool volume stocks so far: $NVO $NVDA (1 huge block 79.9m) $AAPL $RTX $MCHP
2020-04-08 17:33:38,ma üõ¨ ca,2015,1378,28810,0,sold $rtx too early and missed out on thousands smh
2020-04-08 17:15:30,,127,51,895,0,@rebelmarkets what‚Äôs your one long term dividend stock you‚Äôd buy right now? I still like $RTX
2020-04-08 17:15:19,,335,605,859,0,"I wonder what name shareholders were interested in owning????

$RTX +22%
$CARR +5%
OTIS -2% https://t.co/hcWyqsNx98"
2020-04-08 17:14:17,United States,0,2462,20344,0,"$RTX:

New Insider Filing on RAYTHEON TECHNOLOGIES CORP's

Director

TRACY A ATKINSON:

https://t.co/e7s5uzHxeK"
2020-04-08 17:07:17,United States,0,2462,20344,0,"$RTX:

New Insider Filing on RAYTHEON TECHNOLOGIES CORP's

Director

ELLEN M PAWLIKOWSKI:

https://t.co/VLVMmYcuHi"
2020-04-08 17:06:55,,992,1266,55673,0,$RTX is taking off finally ...üòç https://t.co/5mGN42253P
2020-04-08 17:04:17,United States,0,2462,20344,0,"$RTX:

New Insider Filing on RAYTHEON TECHNOLOGIES CORP's

Director

GEORGE OLIVER:

https://t.co/rtgr0zPb4Y"
2020-04-08 16:58:17,United States,0,2462,20344,0,"$RTX:

New Insider Filing on RAYTHEON TECHNOLOGIES CORP's

Director

DINESH C PALIWAL:

https://t.co/Qv1uInIDws"
2020-04-08 16:57:17,United States,0,2462,20344,0,"$RTX:

New Insider Filing on RAYTHEON TECHNOLOGIES CORP's

Director

ROBERT O WORK:

https://t.co/lHNDxxw70a"
2020-04-08 16:55:17,United States,0,2462,20344,0,"$RTX:

New Insider Filing on RAYTHEON TECHNOLOGIES CORP's

Corporate VP and Treasurer

KEVIN G DASILVA:

https://t.co/ZywYBMFnte"
2020-04-08 16:52:17,United States,0,2462,20344,0,"$RTX:

New Insider Filing on RAYTHEON TECHNOLOGIES CORP's

EVP, Chief Financial Officer

ANTHONY F O'BRIEN:

https://t.co/VmmYzLbYSr"
2020-04-08 16:49:19,United States,0,2462,20344,0,"$RTX:

New Insider Filing on RAYTHEON TECHNOLOGIES CORP's

President, RMD

WESLEY D KREMER:

https://t.co/bnKe2dYW0X"
2020-04-08 16:45:17,United States,0,2462,20344,0,"$RTX:

New Insider Filing on RAYTHEON TECHNOLOGIES CORP's

EVP and General Counsel

FRANK R JIMENEZ:

https://t.co/ISS5ZfrHTN"
2020-04-08 16:44:17,United States,0,2462,20344,0,"$RTX:

New Insider Filing on RAYTHEON TECHNOLOGIES CORP's

President, RIS

ROY AZEVEDO:

https://t.co/x75nBBcjKo"
2020-04-08 16:36:16,United States,0,2462,20344,0,"$RTX:

New Insider Filing on RAYTHEON TECHNOLOGIES CORP's

Corporate VP and Controller

MICHAEL J WOOD:

https://t.co/ri1KQq9K0B"
2020-04-08 16:35:19,United States,0,2462,20344,0,"$RTX:

New Insider Filing on RAYTHEON TECHNOLOGIES CORP's

Executive Chairman

THOMAS A KENNEDY:

https://t.co/DhW85qMxao"
2020-04-08 16:31:03,https://discord.gg/ujJQExw,262,406,6634,1,"RT @stockbeep: Premarket active #stocks

$ZOM $TOPS $SHIP $CCL $TAL $IQ $BNGO $RTX $CZR $NYMT 

Track today's volume movers. Live scans sta‚Ä¶"
2020-04-08 16:26:16,"Bilbao, Espa√±a",93,671,2820,3,"RT @dividendc2: Apple Inc $AAPL
Microsoft Corp $MSFT
Nestl√© SA $NESN: VTX
Home Depot Inc $HD
Alibaba Group Holding Ltd $BABA
Taiwan Semicon‚Ä¶"
2020-04-08 15:58:44,"New York, USA",0,14756,84809,0,"Boeing, Raytheon Technologies Corp. share gains lead Dow's 589-point surge

$BA $RTX $DJIA

https://t.co/Ohec0r9b8h"
2020-04-08 15:58:30,"Plum Island, MA",1449,544,13338,0,This is what you get when your $utx stock gets converted to $rtx üëáüí© https://t.co/FL3PN7BcPG
2020-04-08 15:36:43,,263,90,2762,0,Nice $RTX
2020-04-08 15:22:27,marketcap,135,45,2533,1,RT @FinancialTakes: We are diversified.. obv shitloads of tech $QQQ / $VGT as that is my best game anyway.. fast food $QSR.. beer &amp; alcohol‚Ä¶
2020-04-08 15:14:27,,267,92,490,1,"We are diversified.. obv shitloads of tech $QQQ / $VGT as that is my best game anyway.. fast food $QSR.. beer &amp; alcohol w touch of weed $STZ.. infrastructure $URI &amp; $MLM.. aerospace/industrial $RTX.

Chips so strong.. still holding $SMH tight &amp; added loads of $SOXL back early"
2020-04-08 15:10:07,Worldwide,39,4859,280230,0,"United Tech, $RTX, is up 5% - https://t.co/7sWYsPveUb"
2020-04-08 14:45:56,"Plum Island, MA",1449,544,13338,0,In summary of the merger $utx = $rtx + üí© (OTIS) + üí© (CARR)
2020-04-08 14:39:27,"Williamsburg, Brooklyn",20,0,27,0,$RTX bought in
2020-04-08 13:17:49,,40,1432,1056914,0,United Technologies $RTX Receives New Coverage from Analysts at Vertical Research https://t.co/xUcLJeSo1S
2020-04-08 13:14:47,"New York, NY",61,1422,4540,1,"Premarket active #stocks

$ZOM $TOPS $SHIP $CCL $TAL $IQ $BNGO $RTX $CZR $NYMT 

Track today's volume movers. Live scans start 930am ET.
#nyse #nasdaq
https://t.co/ceMDOh7i84"
2020-04-08 12:58:14,,438,86,5744,0,@SquawkCNBC   @CRM $LMT $RTX $BA @CVX  Senator Cramer    oil vs selling the Saudis $billions of defense equip WTF   TV is fun
2020-04-08 12:32:51,United States,149,297,1445,0,"Premarket #DarkPool Activity
$IAC $HYG $BLL $RTX $UBER $LQD $CZR

Dark Pool Data from Black Box Stocks https://t.co/3g6eLToQlW
(use this link for $20 off 1st month or ask about a free trial) https://t.co/DNcE9rQSVC"
2020-04-08 12:08:15,OC,252,55,1841,0,$RTX goes up with $BA today
2020-04-08 06:59:05,Caracas-Venezuela,1573,342,1976,3,"RT @dividendc2: Apple Inc $AAPL
Microsoft Corp $MSFT
Nestl√© SA $NESN: VTX
Home Depot Inc $HD
Alibaba Group Holding Ltd $BABA
Taiwan Semicon‚Ä¶"
2020-04-08 02:08:16,,48,126,7255,1,"RT @TickwatcherMF: Top #money flow today. Free stocks app https://t.co/B6pljuv3p6
$SPY, $MSFT, $TLT, $AMZN, $IEF, $AAPL, $RTX, $QUAL, $LQD,‚Ä¶"
2020-04-08 01:16:35,"Bellevue, Washington",193,2732,28433,0,@w_biltmore85 $BA $RTX for tomorrow üòÉ
2020-04-08 01:01:14,"California, USA",280,3955,6629,1,"Top #money flow today. Free stocks app https://t.co/B6pljuv3p6
$SPY, $MSFT, $TLT, $AMZN, $IEF, $AAPL, $RTX, $QUAL, $LQD, $FB, $GBIL, $INTC, $XLP, $HYG, $GBF, $GOOGL, $NUAG, $VOO, $AGZ, $EFA https://t.co/FR4cJQ49p0"
2020-04-08 00:58:50,,2,4548,666969,1,"RT @William67385916: @spinoffresearch Read your article from Forbes on $RTX. You seem very positive. Clearly, you weren‚Äôt a $RTN shareholde‚Ä¶"
2020-04-08 00:29:03,"Coral Springs, FL",58,50,1664,1,"@spinoffresearch Read your article from Forbes on $RTX. You seem very positive. Clearly, you weren‚Äôt a $RTN shareholder. Chinese virus aside, my $RTN investment has been decimated by the $UTX takeover. What a frikin‚Äô disaster."
2020-04-07 23:16:20,"Barquisimeto , Venezuela",4977,1309,201382,3,"RT @dividendc2: Apple Inc $AAPL
Microsoft Corp $MSFT
Nestl√© SA $NESN: VTX
Home Depot Inc $HD
Alibaba Group Holding Ltd $BABA
Taiwan Semicon‚Ä¶"
2020-04-07 23:09:22,,2296,3192,11032,3,"Apple Inc $AAPL
Microsoft Corp $MSFT
Nestl√© SA $NESN: VTX
Home Depot Inc $HD
Alibaba Group Holding Ltd $BABA
Taiwan Semiconductor Manufacturing $TSM
Medtronic PLC $MDT
SAP SE $SAP : DAX
Linde PLC $LIN
Nextera Energy Inc $NEE
Raytheon technologies $RTX
-------------
Wide Moat"
2020-04-07 22:05:04,"New York, USA",64,50,233,0,"I‚Äôm also looking at $RTX...oversold due to confusion around merger and lack of aviation. 

Aerospace is just one small part of their future business. I suspect this is a 3 bagger easy in a few years @D_Rooney6 thank you for the idea m8"
2020-04-07 22:03:12,USA,10217,71979,48560,0,Top Sell Flow Money - 04.07.2020 - $SPY $TLT $IEF $RTX via SuperStocks App https://t.co/4igDFxXQoD
2020-04-07 21:07:17,United States,0,2462,20344,0,"$RTX:

New Insider Filing on RAYTHEON TECHNOLOGIES CORP's

Special Advisor to Off of CEO

ROBERT KELLY ORTBERG:

https://t.co/3BYx8TUEbN"
2020-04-07 21:04:20,"California, USA",23,3693,7574,0,"Tuesday's Top Flow in #StockMarket, Buy Flow and Sell Flow. $MSFT $AMZN $AAPL $QUAL $FB $INTC $HYG $GOOGL $VOO $EFA $SPY $TLT $IEF $RTX $LQD $GBIL $XLP $GBF $NUAG $AGZ #stocks #stock #StocksToTrade #StockMarketUpdate 
https://t.co/5JE2nlrW3B https://t.co/ItL1xOFiHa"
2020-04-07 20:05:01,"California, USA",5184,4794,29315,0,"Top #moneyflow for whole #market today
$SPY $IEF $TLT $RTX $GBIL $GBF $NUAG $AGZ $SHY $NVDA ...
https://t.co/S59zN0R1wP"
2020-04-07 20:01:49,"California, USA",280,3955,6629,0,"Top #money flow today. Free stocks app https://t.co/B6pljuv3p6
$SPY, $QUAL, $IEF, $HYG, $TLT, $AMZN, $RTX, $VOO, $GBIL, $USDU, $GBF, $SHYL, $NUAG, $ACWX, $AGZ, $GLDM, $NVDA, $IGSB, $SHY, $MSFT https://t.co/pQPvqEEeVg"
2020-04-07 19:18:18,Chicago,19,133,8032,0,"Raytheon adds Tracy Atkinson, George Oliver, Dinesh Paliwal, Ellen Pawlikowski, James Winnefeld Jr., Robert Work, Lloyd Austin III, Ellen Kullman, Marshall Larsen, Margaret O‚ÄôSullivan, Denise Ramos, Fredric Reynolds, Brian Rogers to Board $RTX #corpgov https://t.co/GwIlRbJp8h"
2020-04-07 19:10:54,"Los Angeles, CA",4028,699,51272,0,$ITA Aerospace &amp; Defense daily signal üì°üß†üõ∞Ô∏è $LMT $RTX $BA $NOC https://t.co/chi0xmb5W7
2020-04-07 17:49:22,"Paisley, Scotland",67,5,6,0,@BryanOgden @jimcramer $RTX long term is a no brainer at this price
2020-04-07 17:45:57,United States,271,138,4141,0,Sold $PFG and added $RTX to the dividend portfolio. I have decided to only own financials through the etf $VYM. Still looking to add 2 stocks to this portfolio. Will also be moving shares to my main dividend taxable account from other holding taxable accounts. #investing
2020-04-07 17:37:23,"McLean, VA",1652,950,4146,0,"Updated defense blue chip big board. Once the data feed gets updated, it will say what it's supposed to say. In the meantime, hello @RaytheonTech. $RTX https://t.co/P8DNloUyHn"
2020-04-07 17:08:03,"Watertown, NY",514,2209,89187,0,$RTX sees 180-200 by 2022. You don‚Äôt understand what this thing can be in the defense industry.
